1,John Wick: Chapter 4,John Wick: Chapter 4,https://res.cloudinary.com/dxlzpiz28/image/upload/v1689902723/MoviePicture/johnwick4_rwycof.webp,https://res.cloudinary.com/dxlzpiz28/video/upload/v1689465343/MovieVideo/johnwick4_yvclyn.webm
2,The Super Mario Bros. Movie,The Super Mario Bros. Movie,https://res.cloudinary.com/dxlzpiz28/image/upload/v1689546610/MoviePicture/mario_q9gggm.webp,https://res.cloudinary.com/dxlzpiz28/video/upload/v1689548837/MovieVideo/mario_b5jnqk.webm
3,Top Gun: Maverick,Top Gun: Maverick,https://res.cloudinary.com/dxlzpiz28/image/upload/v1689551989/MovieVideo/topgun_yldcyr.webp,https://res.cloudinary.com/dxlzpiz28/video/upload/v1689552016/MovieVideo/topgun_ei0gyp.webm
4,Book Club: The Next Chapter,Book Club: The Next Chapter,https://res.cloudinary.com/dxlzpiz28/image/upload/v1689547139/MoviePicture/bookclub_aachpm.webp,https://res.cloudinary.com/dxlzpiz28/video/upload/v1689549326/MovieVideo/bookclub_nsekhc.webm
5,Dungeons & Dragons: Honor Among Thieves,Dungeons & Dragons: Honor Among Thieves,https://res.cloudinary.com/dxlzpiz28/image/upload/v1689547249/MoviePicture/dungeondragons_xpbwd6.webp,https://res.cloudinary.com/dxlzpiz28/video/upload/v1689549517/MovieVideo/dungeonsdragon_eenyuj.webm
6,65,65,https://res.cloudinary.com/dxlzpiz28/image/upload/v1689547321/MoviePicture/65_k2hvph.webp,https://res.cloudinary.com/dxlzpiz28/video/upload/v1689549886/MovieVideo/65_klecqa.webm
7,Shazam! Fury Of The Gods,Shazam! Fury Of The Gods,https://res.cloudinary.com/dxlzpiz28/image/upload/v1689547407/MoviePicture/shazam_fjy3ao.webp,https://res.cloudinary.com/dxlzpiz28/video/upload/v1689550189/MovieVideo/shazam_fkiw0c.webm
8,Creed III,Creed III,https://res.cloudinary.com/dxlzpiz28/image/upload/v1689547473/MoviePicture/creed_jstptu.webp,https://res.cloudinary.com/dxlzpiz28/video/upload/v1689550489/MovieVideo/creed_h14kdi.webm
9,Plane (2023),Plane (2023),https://res.cloudinary.com/dxlzpiz28/image/upload/v1689548040/MoviePicture/plane_ojwp53.webp,https://res.cloudinary.com/dxlzpiz28/video/upload/v1689550845/MovieVideo/plane_avlkmt.webm
10,Scream (2022),Scream (2022),https://res.cloudinary.com/dxlzpiz28/image/upload/v1689548105/MoviePicture/scream_kcjsfb.webp,https://res.cloudinary.com/dxlzpiz28/video/upload/v1689551102/MovieVideo/scream_q3hhg2.webm
11,Jungle Cruise,Jungle Cruise,https://res.cloudinary.com/dxlzpiz28/image/upload/v1689548183/MoviePicture/junglecruise_juh8pi.webp,https://res.cloudinary.com/dxlzpiz28/video/upload/v1689551410/MovieVideo/junglecruise_bmbxxn.webm
12,F9: The Fast Saga,F9: The Fast Saga,https://res.cloudinary.com/dxlzpiz28/image/upload/v1689548286/MoviePicture/f9_hdzkqp.webp,https://res.cloudinary.com/dxlzpiz28/video/upload/v1689551737/MovieVideo/f9_dx8cp8.webm
